name,mol_weight,logp,h_donors,h_acceptors,rings,log_solubility
mol_001,216.3,-0.44,0,2,4,-0.08
mol_002,444.8,0.0,0,7,3,-1.10
mol_003,117.2,-0.87,3,1,4,0.84
mol_004,334.7,5.13,4,7,0,-4.18
mol_005,470.7,-1.17,1,5,3,-0.29
mol_006,210.3,4.21,1,2,4,-4.40
mol_007,312.8,-0.18,0,2,4,-0.90
mol_008,355.4,1.49,2,8,4,-2.15
mol_009,450.1,1.03,1,3,1,-1.70
mol_010,283.1,0.9,3,5,4,-1.26
mol_011,472.3,-0.67,3,3,2,-0.18
mol_012,105.3,3.18,4,6,2,-1.76
mol_013,361.2,2.66,4,8,0,-1.66
mol_014,274.9,3.15,0,5,4,-4.80
mol_015,477.3,4.25,2,7,2,-4.39
mol_016,155.5,-0.68,0,4,2,0.46
mol_017,140.4,0.23,3,8,0,0.91
mol_018,198.4,-0.54,3,5,3,0.79
mol_019,474.7,3.28,3,4,1,-3.58
mol_020,346.8,-1.42,4,3,2,0.97
mol_021,200.0,-0.48,4,6,4,-0.69
mol_022,359.3,2.11,4,1,3,-3.14
mol_023,440.8,3.96,4,7,3,-4.55
mol_024,337.4,-1.06,0,4,3,-0.07
mol_025,153.3,0.88,0,2,0,-1.21
mol_026,460.1,2.8,0,4,4,-4.59
mol_027,236.7,2.94,2,6,3,-2.37
mol_028,477.3,1.76,3,5,0,-1.58
mol_029,146.2,3.75,2,8,1,-3.16
mol_030,461.3,1.03,4,1,4,-2.35
mol_031,206.3,3.0,0,5,4,-3.66
mol_032,391.1,2.23,4,6,1,-2.07
mol_033,329.2,4.02,1,4,3,-4.61
mol_034,291.9,0.99,0,1,2,-2.13
mol_035,274.2,-0.14,4,6,3,0.19
mol_036,226.3,5.32,0,4,0,-5.57
mol_037,178.5,-0.12,1,8,4,0.36
mol_038,90.7,4.86,2,2,0,-3.79
mol_039,444.8,3.98,1,8,1,-5.00
mol_040,123.8,5.12,3,8,3,-4.00
mol_041,379.9,-0.91,1,3,1,0.59
mol_042,271.5,3.09,4,8,2,-2.56
mol_043,150.8,2.34,0,1,0,-3.09
mol_044,259.2,4.6,1,1,2,-4.95
mol_045,173.0,2.01,4,6,2,-2.22
mol_046,113.8,3.68,3,7,4,-3.40
mol_047,141.0,-0.44,4,1,3,0.58
mol_048,392.7,-0.45,1,8,4,-1.42
mol_049,372.8,2.4,2,8,0,-2.24
mol_050,164.6,-1.2,0,8,4,0.52
mol_051,100.9,4.76,0,8,2,-4.49
mol_052,289.7,3.35,3,8,4,-3.87
mol_053,457.2,3.39,2,4,3,-4.23
mol_054,262.4,-0.99,1,7,0,1.12
mol_055,172.9,0.62,0,3,2,-0.32
mol_056,467.3,0.04,0,7,3,-0.83
mol_057,153.5,3.17,1,3,3,-2.71
mol_058,254.3,1.0,0,6,0,-1.03
mol_059,221.8,1.71,0,7,2,-2.25
mol_060,464.7,-0.71,1,2,0,-0.41
mol_061,193.6,-1.22,1,5,1,1.50
mol_062,353.6,5.12,3,3,4,-6.42
mol_063,448.5,2.49,2,2,2,-2.79
mol_064,255.9,-0.99,0,2,2,0.41
mol_065,122.7,4.49,0,5,0,-4.07
mol_066,305.7,4.99,2,3,0,-4.55
mol_067,295.5,0.17,0,3,2,-0.70
mol_068,211.7,0.64,1,5,3,-0.93
mol_069,285.0,-0.25,2,1,2,-0.28
mol_070,287.2,5.35,4,8,1,-4.54
mol_071,454.5,-0.76,3,8,4,-0.26
mol_072,287.6,3.31,1,6,1,-3.67
mol_073,414.6,3.45,1,7,2,-3.21
mol_074,95.6,2.88,2,7,1,-2.02
mol_075,111.6,3.16,3,5,4,-2.77
mol_076,269.2,-0.4,3,1,2,0.36
mol_077,232.0,0.8,4,6,1,0.56
mol_078,175.0,-0.22,2,7,0,0.95
mol_079,275.1,2.02,1,4,4,-2.74
mol_080,408.6,-0.49,4,1,3,-0.74
mol_081,98.8,0.63,1,2,4,-0.06
mol_082,150.5,4.75,4,7,2,-3.96
mol_083,371.1,1.96,2,3,0,-1.88
mol_084,290.1,1.5,4,3,4,-2.60
mol_085,383.6,2.48,0,4,0,-2.73
mol_086,230.7,-0.77,3,1,0,0.92
mol_087,334.2,3.26,3,5,0,-3.14
mol_088,453.7,4.79,0,2,3,-5.98
mol_089,188.4,-0.98,2,4,1,1.11
mol_090,269.5,4.42,0,8,2,-3.81
mol_091,389.1,2.82,1,2,4,-3.84
mol_092,379.9,0.63,4,3,0,-0.46
mol_093,278.1,1.9,0,4,3,-2.76
mol_094,271.2,1.76,0,4,2,-1.74
mol_095,471.5,5.05,0,5,3,-5.71
mol_096,477.9,5.46,3,4,1,-5.53
mol_097,119.1,-0.87,4,5,2,1.92
mol_098,288.4,4.71,2,4,3,-4.28
mol_099,440.1,1.9,0,3,0,-2.07
mol_100,248.1,3.59,3,6,3,-3.68
mol_101,213.3,4.38,0,6,2,-4.17
mol_102,451.3,3.49,2,5,2,-4.39
mol_103,115.3,1.23,4,2,2,0.01
mol_104,423.2,0.46,0,5,1,-1.80
mol_105,187.2,0.36,4,6,1,0.34
mol_106,256.8,-1.3,3,4,0,0.61
mol_107,109.3,3.63,3,3,2,-3.89
mol_108,304.5,-0.3,3,6,2,0.09
mol_109,206.1,3.67,2,7,1,-3.26
mol_110,243.8,-0.33,1,2,1,0.52
mol_111,285.2,4.18,4,4,3,-2.85
mol_112,265.5,-0.52,1,4,0,-0.48
mol_113,158.1,2.39,2,4,2,-2.11
mol_114,436.0,3.75,3,7,3,-3.74
mol_115,380.9,-0.03,2,6,0,-0.88
mol_116,230.5,3.31,4,4,0,-2.49
mol_117,195.7,0.24,3,8,3,0.69
mol_118,430.4,-1.35,0,7,3,-0.41
mol_119,467.6,1.93,0,7,4,-2.72
mol_120,186.9,-0.74,1,3,4,-0.93
